date,equipment_id,temperature,pressure,maintenance_required
2021-01-31,79,25.388048117501736,20.41147430264012,0
2021-12-30,85,66.57363681410186,46.28780122823319,1
2020-05-10,14,47.67064455623654,36.82929247623336,1
2021-07-18,66,69.67324142139816,32.4176252392176,0
2021-02-04,75,23.65936270500103,14.439578768539242,1
2020-12-31,51,89.7229444921901,27.882221752257017,0
2022-09-21,38,97.87911753419175,28.41433084807705,1
2020-11-10,64,97.51022842285532,44.582544380906796,1
2022-06-27,98,79.97214653943398,31.865928807511537,1
2018-05-02,38,30.406899210450558,25.216021958816384,0
2019-04-12,50,80.6610556743218,49.07201314042637,1
2021-05-23,98,21.96695331670412,14.428823733052628,1
2018-11-27,82,21.76988412231978,26.901937132477784,0
2022-01-22,30,45.8888175319633,11.680987006856212,1
2018-03-29,79,59.091455232373264,39.59616483067721,0
2021-10-28,91,81.63259342462345,46.72306208796603,0
2021-01-28,51,74.66363012852042,21.201493182019576,0
2020-05-21,63,55.67221651013987,44.33366707196483,0
2022-08-15,98,41.89013330253327,21.68872921847591,0
2018-05-11,52,99.76996001261689,46.43080646575661,1
2022-08-13,38,54.094504178877834,40.158476143871354,0
2021-08-25,97,56.11096194637404,42.19627107365754,0
2020-02-09,88,33.089905695333535,10.72026222401818,0
2018-12-10,79,83.58476389999436,48.51241428296104,0
2022-02-24,30,75.49457806251908,39.066839682812926,1
2021-12-08,51,37.66156902310083,22.190043815445332,0
2020-03-16,81,26.590483649267416,43.17578659435388,1
2019-01-21,5,74.43994416597704,21.260847936597198,0
2021-04-30,29,72.36089714249081,44.910153582645115,1
2020-08-13,4,41.86076215985675,14.50321561647748,0
2018-10-04,10,96.06908498003283,38.14743909843183,0
2021-03-30,56,32.08463134247202,31.62793906579641,1
2019-04-05,17,54.586784083408155,13.861378807817633,0
2021-08-30,74,95.4892736134079,19.67575313035356,1
2018-01-22,17,53.57818535408978,10.496161451092592,0
2018-09-10,84,71.08207581312683,28.750718618580233,1
2020-01-18,88,51.80755183702354,22.050610430400013,0
2020-05-06,69,41.937216187893604,33.934299371910356,0
2022-05-04,34,98.71821183678625,21.88951230834469,1
2019-04-20,6,52.74672050520344,21.996764460279387,0
2020-12-18,53,91.52793629433076,39.727727949264136,0
2019-05-26,66,38.39636847128689,11.925713439134139,0
2022-09-02,77,37.04837632200666,46.11579980767949,0
2022-02-08,43,22.49072663076091,44.09055497564726,0
2019-12-01,75,72.13334603007081,36.71218732905626,0
2020-09-02,23,49.48210749790089,33.728862804295375,1
2022-12-12,55,89.14865998717096,45.69209992558609,1
2018-07-09,80,57.85679253532457,17.41320718114858,1
2020-08-15,95,97.45547423317774,13.158766487633144,0
2019-11-18,75,34.84204125624969,19.580406796381524,1
2020-08-15,16,89.48985343644887,41.78313114800761,0
2019-07-17,8,82.12774822333934,11.386810669059333,0
2022-05-10,4,81.67374757152416,33.31227340333959,0
2021-06-21,4,87.58265824935101,49.817500647652395,0
2020-04-11,56,80.88191927543991,44.227843753501574,1
2022-03-09,25,70.09762573051323,30.857827561743576,0
2021-02-28,67,30.499590214591006,12.545636371465694,1
2022-02-17,96,22.602094359300153,43.25494057542839,0
2019-10-09,67,93.66782782525495,33.95914032708842,1
2018-01-21,27,69.33202516165905,14.597319882382674,1
2020-04-20,93,83.7229832780941,13.754291392934249,1
2018-06-16,32,58.52178812100401,46.3850727774637,1
2021-07-21,50,29.38465511699156,36.76801051752314,1
2019-01-23,61,30.014863376204033,43.17147197267022,1
2019-08-24,51,74.84522297831771,45.15915601129069,0
2018-11-12,19,54.424471591957015,32.87089408193289,1
2018-01-14,21,36.04197813602694,30.69785407020165,0
2018-08-30,5,59.327563739314954,27.21709641283961,1
2020-02-16,82,25.13671496601073,22.677863511644773,0
2021-10-01,92,66.5577121531519,27.38383843434847,1
2019-07-19,42,41.51947235480782,40.955186229206255,1
2020-06-16,61,83.80472805097506,34.07693724060526,0
2021-09-25,22,44.8289567138859,45.70093159819385,1
2018-04-02,21,56.4176119265441,27.73520057516751,1
2021-10-22,70,20.92964319264805,34.28358314875016,1
2020-08-13,1,25.795751023564712,35.25230212367955,0
2022-01-18,5,51.399484512534784,33.66788649225302,1
2021-12-22,12,58.39510677736988,38.10535092342065,0
2019-05-24,90,68.0016438495443,19.49733873499225,1
2020-02-15,46,43.33300629674426,30.494551101831625,1
2018-02-04,34,75.5985508901234,14.168992112333907,0
2018-07-25,49,88.80979177513636,25.3804531057925,1
2021-01-09,78,82.38807911146799,29.506682744850576,1
2022-05-05,90,23.16950602786857,36.088970381818896,0
2021-11-12,45,58.44055578062631,48.02124210344814,1
2020-10-22,27,28.39441427345399,34.026042661934234,0
2020-10-18,73,39.363601269002196,39.74375664706239,0
2021-11-14,26,98.93300746137172,30.25064237980811,0
2019-07-20,47,31.39964343212106,35.364161255053254,1
2021-02-03,86,59.911052276108485,12.837288645350938,0
2022-12-01,56,69.45245874544952,20.17566323367388,0
2022-02-09,94,76.19719764352831,24.474123728205548,1
2019-12-04,63,64.77189467895313,28.899734200260543,0
2019-02-06,48,20.781667793534695,11.82594982009535,1
2019-12-31,61,46.11690465951935,15.600963902132708,1
2022-04-29,81,61.416931470776916,21.07257231165223,1
2018-06-11,26,27.02931993158667,48.86130763604203,1
2018-07-21,36,48.050154496734464,23.25388028412203,0
2020-09-22,1,22.656248703309323,29.2816423244833,0
2018-09-27,8,26.28627977240166,17.843908509535716,0
2020-03-26,99,51.75386209612768,34.43120284303073,0
2021-07-18,52,30.617260323444828,21.22732862063897,0
2019-04-01,79,65.40326786092464,18.27970313753707,1
2022-01-25,47,75.15719753098125,30.66290513783916,0
2022-10-17,56,84.04693592872663,10.220231966416833,0
2021-06-29,86,36.012019539584806,10.306561305969012,0
2020-10-13,14,33.398606580725584,18.76275236407431,1
2022-09-22,90,28.36542722675202,11.468854500032846,1
2018-10-23,28,70.91441996349093,14.321030165227654,0
2022-10-15,87,76.5180581189521,23.554425973550064,1
2019-12-21,78,22.526891586051363,42.103427183192515,0
2022-11-08,88,94.89697969949519,32.88194573477203,0
2018-12-04,2,24.157702692117795,30.506709038256655,1
2020-05-28,26,63.30370682408564,21.739552928324866,1
2020-12-12,14,76.72484155607332,47.270148777312656,0
2020-03-02,59,89.67752989968685,25.880601649487666,0
2018-08-05,56,77.12695457059422,13.48371067183086,1
2020-02-03,7,84.13824664558335,34.68266064471205,0
2018-07-07,3,47.15601540342448,14.553535739064056,1
2019-01-15,23,85.18600909972098,23.808925712067683,0
2019-05-08,18,26.409187710774013,30.296477548712353,1
2020-11-30,38,91.58533248484221,44.96890098740703,0
2021-03-26,99,63.8073900922989,29.741863213604745,0
2018-01-15,15,85.3838215969995,38.09035064126657,1
2018-03-06,64,56.18546276146401,49.712673559962816,0
2019-06-05,89,71.48621561572199,15.259564795919264,0
2021-09-29,28,62.11221287488905,20.98926102078078,1
2021-02-26,74,78.52716174042655,25.783043023905854,0
2019-10-10,39,26.530398562447168,26.873127141553255,0
2022-02-04,57,24.828166719245104,26.44084301062183,0
2020-12-22,17,39.768258720811716,46.3044401022622,1
2021-03-08,86,32.76357440905507,38.56130577867425,1
2022-03-03,90,89.74268532737614,34.31620856362815,1
2019-08-16,44,37.53711898864354,22.374908714511285,0
2019-01-27,25,98.0692204655305,42.95161536885179,0
2022-08-26,17,46.951663341688544,48.202420459399555,0
2019-02-23,13,34.569433255095944,42.84793130200906,0
2018-10-16,84,83.17588057139832,10.062604207658916,1
2019-01-14,25,72.69662204007008,35.45605480733628,0
2022-12-02,68,59.85565731625112,12.045415257684029,0
2022-02-22,10,64.42908407501051,20.304288813348876,0
2018-08-19,67,77.53614226178111,12.380988013910867,1
2020-10-14,18,38.2763793065039,34.15181811797551,0
2018-02-10,100,99.70671328453935,37.46359653970427,0
2020-11-17,86,97.98345297174265,14.579505522636204,0
2018-05-15,34,72.02605490775495,25.353555321799178,0
2018-07-20,8,35.96339607433161,28.249460358221683,0
2020-02-19,40,74.41825939450331,24.762120870436664,1
2020-07-18,83,25.775872718334067,14.841000019407723,0
2020-11-22,42,22.452200176464487,26.757911607499018,0
2020-12-07,41,40.6146310808971,40.04712191233672,0
2019-05-18,6,57.009836539145304,12.840306581330218,0
2019-02-11,52,89.46180043267044,13.207200563276139,0
2022-05-17,26,78.17352558130465,24.19085167343937,0
2022-10-18,64,79.41652169599848,47.669028464757005,0
2020-03-15,98,54.03946675584603,36.742905868916566,0
2018-04-09,59,47.674799403757035,37.14679826690259,0
2019-11-15,56,49.683101038768214,24.4767996335146,0
2019-12-27,59,99.01196509888463,33.74643164834154,1
2022-04-20,70,23.2087353129986,10.405247361109735,1
2020-08-18,33,89.36251968979589,35.44384185638169,1
2022-10-29,53,66.29403268579148,46.53147790304947,1
2019-09-05,22,55.08923353516724,34.50293873379277,0
2022-01-25,21,78.02061283321092,44.947943738653805,1
2019-10-05,70,58.93351531397623,38.95892221864375,1
2022-11-28,70,89.87385904653284,14.822336656147609,0
2020-10-25,4,92.05614912090068,46.09813229143367,1
2021-05-26,94,53.73767414987643,12.657753774230995,1
2019-05-18,75,42.14622377880413,31.35869890191055,0
2020-02-06,62,67.38802628746897,15.685484951738307,0
2019-02-02,62,92.98906764933528,10.468264429236163,0
2020-05-20,94,36.85297512045332,26.88137040510556,1
2020-03-05,95,69.83732668507862,21.80162830616625,1
2019-01-28,24,70.52481760740164,29.44001975190412,0
2018-07-26,55,78.64904179322248,33.08799546938204,0
2020-11-04,9,30.525414810180784,11.749562892357893,1
2022-04-27,3,77.26599717456708,14.920131804949825,0
2020-06-10,31,92.72260165325127,32.34569585801701,1
2022-01-24,40,34.37464870961936,23.72669412690633,0
2022-09-11,36,39.00346599391021,39.16693950197792,0
2022-05-18,24,97.71160752333117,36.09166594367758,1
2020-05-13,95,34.47815621675918,43.82417451959627,0
2020-01-13,6,88.35080746956633,37.69971306676901,0
2021-06-18,66,59.38222851584278,27.197243095605927,0
2019-07-18,84,39.778485952254165,36.9186648957773,1
2020-10-17,92,89.65999210180091,21.01524697021674,0
2018-04-06,75,55.62442040021324,22.252539951128508,0
2022-10-24,4,61.18538831437522,41.55940639683173,0
2019-04-30,79,48.73866955198125,27.856780656063286,0
2021-12-01,6,67.4360681147942,41.9352136207341,0
2018-08-19,94,33.08190980680182,42.89689494673114,0
2020-01-19,51,51.286522932140855,44.30249350645135,1
2022-08-06,62,97.552985786823,46.66540943364829,1
2021-04-09,57,40.6506746160902,27.23940882053185,0
2019-06-25,66,72.53893316330337,22.754672732845552,1
2020-11-25,79,46.01520513797559,33.28794986376455,1
2019-06-09,75,81.87785005492805,24.846896937505104,0
2021-03-29,8,30.469892857467986,34.042966672009314,1
2022-09-19,26,97.58568360628358,38.223434505752984,1
2021-06-20,51,56.30316331069114,37.536200739685476,1
2021-01-14,45,38.88403706771712,24.982115480804854,1
2022-12-25,44,25.87973978640101,16.67440806795011,1
2019-08-01,5,33.58063240700326,27.2211735384883,1
2019-11-13,70,61.58191588448141,15.70376576327635,1
2019-07-11,26,46.9602541145029,45.60388140735233,1
2022-05-17,68,86.31066927060876,23.835098429514296,0
2020-10-09,19,54.47100189294447,16.17838988893295,0
2019-10-08,84,39.89714180701039,11.017910396230036,1
2020-03-06,97,69.37159892832241,35.83289545145937,1
2020-11-17,20,76.54217735083566,35.47609269818973,0
2022-07-02,12,33.36335263207599,23.624166663251668,1
2022-04-29,47,33.40953730306541,12.868475553906041,1
2021-09-25,1,22.933714154683436,26.385155795809283,0
2022-12-27,90,78.91216120525124,22.448699802535742,0
2021-09-16,14,73.10436220974441,37.084825589400374,0
2022-07-22,64,57.97047005998511,34.231169978107616,1
2022-03-10,38,87.53363591753578,24.583749127901598,1
2021-10-03,37,84.45361223600426,18.715702170199606,0
2022-02-05,11,66.82834915174017,49.52143864622367,0
2021-06-08,100,89.4617024410607,28.160064847844595,1
2018-07-09,77,36.46729680294146,37.530969431209485,0
2021-06-02,3,28.95356955181823,15.622118703134431,1
2021-11-09,33,41.57996892135917,29.423587986375914,1
2021-11-01,6,24.56694848714519,11.101468794778619,0
2021-07-30,50,62.49356224008256,30.218204716417997,0
2019-09-25,10,94.92845538359691,48.560696284708094,1
2019-09-20,5,23.14748325348077,25.368268519432007,0
2020-08-30,23,29.768793120802144,11.559840502996463,0
2022-11-04,10,56.175922262674824,11.23823163677374,0
2021-07-06,44,94.7100014022324,25.51947039787478,0
2021-10-14,2,45.29248839814004,16.400997458527762,1
2019-12-11,13,60.57878469507139,10.934083853127436,1
2022-01-19,40,23.325828724031368,40.24854455800707,1
2021-12-05,2,31.86745607696711,28.340920355275628,1
2019-10-11,84,98.93040983670775,21.569790878906183,0
2018-11-14,65,97.20949571488364,46.00332732065923,0
2022-08-28,63,20.395198474752767,14.645558408021024,1
2021-06-02,73,96.14494283385912,48.23675315821277,1
2021-06-11,17,71.12959502524004,22.558668695094113,0
2019-11-15,9,89.43346356160177,45.53614689234725,1
2019-10-26,75,56.379188450708725,34.117715059178465,1
2021-10-29,15,61.24768228634002,43.0682943896595,0
2022-08-23,24,59.10772642055362,49.360526528418575,1
2022-06-20,38,73.34914060368834,21.53621751274983,0
2022-02-04,35,31.172100380505032,48.44541941630372,0
2021-06-10,94,22.397887189814234,25.579275796096816,1
2022-09-12,95,44.63439532729527,25.420476189476894,0
2021-02-10,49,76.37446101893174,23.615484170180228,1
2022-03-01,69,36.14827616983587,31.656304293903407,0
2019-03-18,62,73.87459466599338,16.165801727139485,1
2019-07-18,60,97.59296368858163,32.14845941432045,1
2021-07-15,50,27.512057263153473,31.66819249640016,1
2022-03-14,78,73.8081694580101,40.4760725041948,0
2021-11-10,75,55.50001754436569,43.34599847750342,0
2021-11-11,9,89.45138035020042,27.617654012496963,1
2021-02-10,34,34.17198315579087,22.09332997405975,0
2022-06-25,76,75.41007617809316,20.373395892683778,1
2022-07-07,99,87.04922317184882,17.784953468194878,1
2020-08-09,35,95.56913755792186,12.305903287960994,0
2021-01-09,1,74.65984226317167,23.697919153388533,1
2019-11-30,40,59.773981120674186,20.80990768523133,0
2018-04-23,64,69.42777921609711,48.65669543465629,1
2018-01-02,22,89.51239875829745,32.308353050001756,0
2019-10-04,60,65.64877973110637,23.891081561220304,1
2018-08-08,64,22.43096477574695,33.21870403974784,1
2022-05-09,93,94.47589564055822,15.56786805382782,0
2020-05-04,72,75.1621400825249,27.761749968088118,1
2022-10-26,11,74.12107086217972,35.04937285684255,1
2021-06-02,14,37.254012191817374,29.555913271698056,0
2019-01-20,60,72.71083761861257,26.07115202617297,1
2021-11-27,30,51.50915245233268,49.75393555598793,0
2022-07-20,35,72.09863816331936,45.21259048595708,1
2021-02-27,85,28.527442424639258,34.936238326377605,0
2020-12-12,37,72.62762436824289,32.77509444729131,1
2022-09-04,5,99.95309806165332,34.826419192983366,1
2019-12-31,83,23.856963108844482,18.05248431289733,1
2022-08-23,78,98.17393473770538,25.805509730572744,0
2022-09-30,26,52.55263685782965,11.578381315635973,0
2021-12-10,62,89.66027602698074,29.021841499473066,0
2018-09-04,4,82.59083872466188,31.720983358306526,0
2020-04-15,89,65.36130087893342,19.109989444128384,1
2022-01-02,42,79.07593674010613,48.56115388662055,1
2018-07-22,89,90.28124490410784,46.37818443748968,0
2021-04-22,18,52.331225732082636,38.88572941823624,0
2018-05-03,40,46.16265292505909,31.335465150614503,0
2019-02-05,72,73.40747084508678,44.7987663859074,1
2020-02-06,39,84.62767535530068,15.226093752938517,0
2018-10-21,14,80.98281078212926,41.6203917709954,0
2018-10-07,32,83.82509190869075,14.992832558673932,1
2020-06-02,51,54.84666518503464,41.768426501976215,1
2022-06-22,38,85.42673729400173,21.03070273005428,0
2018-07-17,97,29.616724429648677,45.083623240727555,1
2020-09-08,23,63.559127836867965,47.761683753015916,0
2022-03-15,63,20.460692839849727,15.951838776204625,1
2020-01-22,15,45.96686639202162,28.50702420261574,0
2018-05-24,97,49.31692278971183,49.23949512650741,0
2019-09-01,25,51.69381532874043,29.336297438925865,0
2021-05-09,17,75.63737653518898,44.54190090058181,0
2021-02-21,97,51.08464810162766,33.54926088525279,1
2018-07-06,66,55.895489809802456,25.013196316784075,1
2021-09-11,78,39.0035304699462,21.431342221034807,1
2019-04-09,53,49.860143330347206,18.128923643443493,1
2021-10-04,51,38.181570181052116,40.47192765510789,0
2022-11-30,39,25.85567390147549,25.461620272921117,0
2019-10-22,51,68.27588747051024,30.451018488030044,1
2020-02-03,70,73.45702388440131,29.693019200047278,1
2020-08-12,6,69.55922768076917,33.09116116932525,1
2019-02-07,67,57.07952350404579,44.62308582498209,1
2021-10-01,7,50.38286241433838,49.22957374333718,1
2022-03-15,51,89.06669196574602,26.303368342952677,0
2018-05-27,72,61.526542810897446,43.10075688425212,0
2021-03-17,42,58.33455021037848,40.58111178618871,0
2020-05-13,64,22.051365264514857,32.94115805822293,1
2022-10-01,15,47.299826210092505,48.24188574447732,1
2019-05-04,29,50.41564950286856,18.018980621136112,1
2020-07-17,33,51.90582247175204,14.370568412384856,1
2022-07-22,94,66.41378953818659,44.15847867821689,0
2019-07-05,27,62.68820373815028,27.56599266534993,0
2018-12-04,36,68.63240742347557,43.87875416828242,1
2020-05-21,29,81.19066092337026,45.723608207816596,0
2019-10-03,38,85.03885909728749,12.498303744762858,0
2022-12-08,57,77.44984609811955,45.33859051944243,1
2019-04-18,97,96.44189567639478,27.932762214776886,1
2018-05-31,27,21.45860661410893,30.41729956016929,1
2021-12-09,55,35.662238854683686,35.06370044372841,1
2021-08-14,33,20.605029998251368,47.05530426920347,1
2022-06-23,68,71.79797713236823,10.76464377719056,1
2018-09-20,86,91.84244391599896,29.073738732712684,0
2022-11-23,66,39.47858372610394,37.50888169722243,0
2018-05-24,10,94.16276358370453,38.90827830792914,1
2018-12-12,5,24.821391223164866,37.70129726148432,0
2019-09-16,74,94.75488214444114,15.377405176324874,1
2020-10-13,97,48.12981497917075,21.97582353486725,1
2022-05-15,38,28.11366627593732,24.34862101668054,1
2020-05-30,13,58.86974073490605,42.1774883071802,1
2018-01-02,31,40.542125417640634,21.15039489658212,0
2020-06-15,47,42.78983215695383,18.428198554688127,1
2021-08-20,100,44.58319719410292,48.29792076152385,0
2018-09-11,88,84.24207182661307,10.354531404538756,1
2022-08-03,52,63.132902134020355,49.91283422727913,1
2019-03-29,56,44.90461593248029,37.07285195429583,1
2020-11-26,15,68.82670266487347,43.13877197796468,0
2021-03-29,29,77.29205393785548,21.784775853847727,1
2020-10-11,8,41.8099200586827,10.572611106682398,1
2018-01-09,5,53.08392812202812,39.5147807424612,1
2021-06-10,29,29.750887466955803,43.36578388002703,0
2021-01-27,47,34.491947962774425,39.61904527814077,0
2022-08-10,68,74.48942831719862,15.714011492033544,0
2020-03-26,76,34.515067815650156,40.13711689027876,1
2018-07-27,45,62.01307069336481,40.75691128430564,0
2021-02-28,2,76.72370093779462,36.3416206268022,1
2019-02-08,27,28.55015384757951,40.644637311823445,0
2018-06-01,95,65.38497757031229,43.836857587109286,0
2018-02-23,36,40.525022696109104,34.544164569498335,1
2021-02-17,36,97.03415001900639,13.544188558787162,0
2022-08-24,26,58.683651737593976,29.505112386688435,1
2019-09-20,43,84.47940398201266,13.105973386864203,1
2019-08-10,27,64.01812337250094,26.301721241297233,0
2022-07-07,69,23.473002628385533,26.284259565025106,1
2021-12-14,20,70.65211004752179,12.640393765609662,1
2021-12-16,11,96.11226737653256,23.952821358779172,0
2018-04-14,74,68.1289456117065,14.439923951652593,0
2018-09-11,38,85.53510875414321,42.329408400368884,1
2021-06-04,6,90.73651706787263,47.90752103857883,0
2021-02-09,72,38.2463817559146,12.892659010317544,1
2019-05-25,23,36.96358719265813,48.20460829166806,1
2022-02-05,47,68.87847910807935,30.903063973469806,0
2018-04-09,90,52.882277584536375,21.982627118154955,0
2018-06-02,46,87.18890422933762,13.07448301104654,0
2020-07-02,12,92.00184987184089,30.02497072281671,0
2020-05-27,90,48.27371034421745,41.780621779629946,1
2018-12-04,13,38.94964471795856,38.283459090667925,1
2022-09-26,62,82.44204121950895,12.00904045855895,0
2020-04-01,82,41.984482843850884,12.916073414716141,0
2021-04-01,89,85.80914548109428,26.114931305305483,1
2022-10-10,97,53.89906029190102,21.811619761917733,1
2020-08-14,60,73.40399194331764,19.295372922241913,1
2022-09-01,43,27.642825106773454,21.240179956348545,1
2018-06-10,76,69.90874597412585,42.139309731875386,0
2022-05-23,100,56.14141429897833,47.16912214527416,1
2020-03-11,68,66.92867705403793,26.204107781102657,1
2019-02-02,5,33.441136619589074,46.244440085299885,0
2021-07-24,37,78.94989959553456,22.85982804991528,1
2020-03-26,72,89.02376620345828,29.057479453751665,1
2022-03-08,92,37.33918400726205,19.04115991263999,0
2021-11-16,31,27.657164441612938,35.61904168703376,0
2021-03-04,9,21.89108688370691,49.15924460699236,0
2021-05-03,51,71.35772003546128,34.13972384173515,1
2019-02-05,29,68.56752288710246,24.312563364541955,1
2019-10-02,78,63.7357930171256,35.91269783962113,0
2020-11-22,40,38.555767689278035,14.916827138615503,0
2019-11-19,41,51.27247967244117,45.546363210615944,1
2019-04-05,86,67.55810681489385,30.123358031193455,0
2020-08-12,11,59.741348708733554,27.97398968158568,0
2019-04-15,23,99.02284161719098,33.434591538140765,0
2021-10-30,1,30.91518020453865,34.9913545115761,1
2020-11-11,46,75.6115643238075,12.871032249060521,1
2020-01-20,21,52.34550144834337,37.304688848936095,1
2022-08-21,90,54.25596919404918,19.67726721262118,1
2018-02-07,36,77.4078212526541,38.55810530026359,1
2018-08-18,54,75.39489210594957,42.90139177536787,1
2021-10-20,87,99.30047949617506,42.15834030210081,0
2019-07-17,57,30.27154315633002,32.100038696315565,1
2019-03-14,1,28.328771950733305,30.806795692430047,1
2022-12-05,63,77.94710537029928,15.715038453576469,0
2021-07-30,54,66.27095336051272,41.01384601612543,1
2018-01-27,55,41.93285332478447,20.856375217868575,1
2018-08-14,40,26.35354951911893,29.867816912717863,0
2021-07-24,15,26.852659967714445,21.37096371710067,0
2020-03-08,21,91.53526997312946,15.353134519987726,0
2022-06-21,47,35.34938597749943,35.182307875669466,1
2018-10-11,73,45.86972496924166,12.173281392916152,0
2020-05-28,53,38.13251217815904,39.945809365048,1
2020-08-17,9,48.39970446655499,22.703471810444668,1
2022-02-13,74,25.55390741968747,10.005387720179414,1
2019-03-29,52,61.52478327266163,30.44516556948919,1
2020-10-16,57,25.409005087377192,11.874076341104125,0
2020-03-26,26,84.02852062578893,21.04678231283598,0
2019-10-21,41,38.69696655283464,38.27905949822865,1
2022-03-20,35,63.20095316836085,12.507584864874634,0
2019-07-01,63,90.40632700491666,43.5735396942401,1
2021-04-30,25,72.07018952377553,10.152796906343324,1
2020-12-08,90,62.636622924106824,19.87295476807609,1
2022-03-16,75,45.94670024923005,39.63616224608286,0
2018-01-17,38,46.64015304465583,22.65080598917227,1
2021-04-10,2,73.5589564158552,14.07569552264054,1
2021-05-28,7,99.5311488976934,24.409356752017114,0
2018-06-07,82,72.9471351879503,20.81573145538102,0
2019-04-22,91,64.622673389602,43.708476086422195,0
2020-12-05,34,78.45204081913968,22.533916703405726,0
2021-10-28,91,57.21644898269745,41.55729887104029,1
2019-06-02,17,24.811387408062817,45.67488579242939,0
2018-04-09,43,64.98374527023279,27.35269678306118,1
2022-11-04,59,96.61002276043041,46.39772575417568,0
2020-11-26,51,34.02423538861277,25.092722158527714,0
2018-10-07,54,75.20039126565325,48.563136659604325,0
2021-10-04,24,36.07469509272452,13.571580981022917,0
2019-05-12,25,62.8662147578465,37.48077066012971,0
2018-10-29,71,27.73411597173757,29.75256161827715,0
2018-06-30,52,56.02967490065481,25.505952218225882,1
2019-08-30,70,80.49306631161969,35.30847514994404,0
2021-01-27,88,47.80572193911857,38.15428366537325,0
2019-12-01,33,73.19293795897744,10.174530786012363,0
2020-09-19,49,83.63599686317833,16.67812354988795,0
2021-02-13,29,94.17422555835621,38.52184202537275,1
2018-07-10,63,38.77136654843628,36.655416543128254,0
2018-09-10,22,51.94527326474465,48.64190020514709,0
2020-09-07,26,32.19328106643339,40.44151161003132,0
2020-07-16,28,99.39868017267001,48.03090830925352,0
2021-03-30,85,94.16007743394363,38.10162006139228,1
2021-07-03,49,63.196570422444765,21.922088345577727,0
2021-09-08,71,87.3626635501137,14.214596890034258,1
2018-05-08,81,61.67663818176337,41.272954533797424,0
2018-01-18,84,69.88685504022078,35.76596885903663,1
2022-12-22,49,27.12995456928133,11.92744049573185,1
2022-10-25,20,80.42163363974464,24.402018636039134,0
2019-07-20,86,30.217078690818788,48.271992619371446,0
2019-07-24,92,86.08541042020227,30.01604582840805,1
2021-09-08,63,82.56224701363087,27.309165440788185,1
2019-11-17,61,76.69957581943811,28.30798420637176,0
2022-12-21,49,22.89283044198097,18.35530896020655,1
2019-09-18,71,44.250268475626285,24.74828683459181,1
2021-08-04,1,41.04900559286743,24.792530239487064,1
2020-05-03,96,48.810912597721526,12.094200807498897,0
2022-08-14,13,27.011419741107083,40.70270514071673,1
2020-08-19,94,94.95662584248502,26.66017727615516,1
2022-07-21,87,64.3041792569901,42.887195472656934,1
2018-06-04,51,44.44194485264188,44.01392004479582,0
2019-05-05,56,51.75852136594267,18.47976218794632,0
2021-11-10,83,55.77620324038685,36.29413928680514,1
2020-02-24,62,68.04754666884938,28.89127216651927,0
2021-02-01,32,61.25435421571982,45.2062695168594,1
2021-11-17,30,93.55135785715339,18.629627167058164,0
2018-09-03,29,59.75707863246642,37.11252801240177,0
2021-04-14,49,99.372641185865,34.310084890108904,1
2020-11-28,45,88.11399661960766,21.812059102873313,0
2022-02-09,93,36.680841148586865,15.464036146046904,0
2022-09-02,30,94.4476171715133,36.065590419091066,0
2020-01-29,16,29.309311830838087,39.54389832529323,1
2019-06-22,40,85.39597667929533,22.625093750534,0
2020-07-09,19,50.4498634781264,35.79330416089255,0
2019-02-12,18,90.23794563560556,25.80523630446013,1
2019-06-09,1,89.44453520859602,38.52827533130471,0
2020-04-07,78,84.4740320094097,17.968610995762123,0
2022-03-10,47,83.20243490456491,45.608600105446975,0
2020-06-21,66,44.37433112784326,21.49638385862319,0
2018-02-05,92,26.473542644100174,24.711439510246116,0
2019-11-16,94,52.23841430121291,12.323678083213991,1
2018-01-20,38,33.88196119892069,14.460488492851056,1
2018-11-17,51,75.59608711219694,30.634476108493125,0
2022-12-05,63,47.687978123022845,20.70370706911886,0
2019-05-27,4,98.04881606879319,43.41920902968778,0
2019-02-04,1,71.27776618762655,10.587735546198154,1
2019-10-16,8,85.79844509074887,25.163761946877447,1
2020-08-29,29,30.601973819347876,23.493821870763707,0
2019-04-16,55,88.9611585818098,10.77310523670404,0
2021-03-12,3,93.82057524107155,14.974735960020409,1
2021-01-20,32,58.96495350551487,26.54570699674541,0
2021-10-09,10,68.5002350200782,29.714583377897867,1
2020-04-13,74,81.18478407223964,26.171589890194763,1
2022-12-29,83,33.98709018083301,31.237507136483753,0
2019-12-28,34,60.205286117075396,33.80526699622726,1
2020-05-03,97,51.89304222178505,10.396952845113425,0
2018-02-20,87,31.70991937297993,28.563806378140157,0
2022-08-16,55,49.40275378332252,48.53996963550353,0
2022-09-18,92,25.453784750839485,30.761291205181948,0
2019-07-29,32,22.06495255595896,37.10169069835813,0
2021-04-28,50,30.81330313238582,22.474554316675327,0
2021-02-22,7,97.0492089271339,40.959655126110505,1
2018-05-30,93,63.96236287160136,40.9168592750446,1
2018-11-10,8,97.2657728922576,30.851841906165557,1
2019-07-24,65,54.59983026641056,49.04055293116854,1
2021-09-27,57,44.945290646820766,15.022008590506136,0
2018-11-01,67,60.49134902721953,10.67790659558324,1
2022-09-12,88,55.16093509063281,40.80632847028384,1
2019-11-13,87,28.453174740939513,42.2862214945953,1
2020-04-17,59,71.2661051752165,14.80828916482305,0
2022-12-12,72,37.28305460076797,20.623313318344245,1
2020-12-13,54,69.56703639182636,10.702094534665157,0
2020-09-29,67,72.01608739185227,21.732344431222586,1
2019-03-20,51,32.16198825029185,40.92567495674686,0
2019-09-05,97,24.907970168853453,30.718421108503158,0
2020-09-19,92,82.46092688547519,23.923823726731523,1
2018-09-21,8,56.78403390154561,24.86957179625321,0
2020-12-12,34,24.65310364043806,10.054145028618727,0
2022-05-15,35,99.58930537358137,21.992021102609435,1
2020-09-30,96,24.62244487970933,35.858349665517224,1
2022-07-02,88,75.60281830868425,48.967777752654285,1
2018-01-05,78,98.69431402107308,43.88243307935598,0
2021-01-31,32,39.13440833727405,10.943798585821165,0
2021-05-04,46,31.379949494975694,45.94242418699358,0
2020-02-13,16,29.71079515379431,41.32793653194504,1
2020-05-26,68,44.262011805407646,41.215044942839214,0
2020-09-18,37,28.083664880851735,28.31983036014286,0
2020-06-02,54,75.37290733553056,25.920211718180113,0
2021-10-05,85,24.983343850405014,22.116629153327704,0
2018-02-16,14,60.75377025198318,12.627794358174631,0
2020-05-16,95,99.73574830823814,19.129414539747962,0
2020-04-02,55,85.11762156048151,19.864145399120986,0
2020-07-24,48,69.21755505848087,29.363082788408065,1
2019-10-18,82,44.500289662928935,39.897776263867755,1
2018-09-26,7,69.91166690333108,28.952393135917866,1
2019-01-05,74,62.163317112932134,12.313777977886424,0
2019-09-28,7,54.086670711229715,48.31159203952816,0
2021-02-03,33,30.45683013921596,47.70897276376449,1
2022-08-21,23,90.92833721923733,41.40758172593634,0
2022-08-10,85,55.9827719057058,49.65311606256882,1
2019-10-19,19,35.56980094566121,31.779293312010516,0
2018-04-30,19,49.420748070183166,48.510734010128246,0
2020-04-10,36,53.130380202314164,13.024201624670031,1
2022-12-16,29,86.20303164534994,24.627229930454853,1
2022-06-16,60,78.68915044491217,19.015250720270632,1
2020-12-17,82,81.54439149130718,17.833323365370802,1
2021-10-01,2,20.882501154291777,15.632117955707043,1
2020-01-11,1,53.29231985438092,34.896545662639866,0
2022-02-06,47,58.50753213082589,41.2528742298922,0
2018-04-27,69,21.535382145844537,33.131935976814425,0
2020-03-01,20,40.785056699602734,15.878508383528388,1
2021-02-24,11,80.8231858497708,42.444950797338834,1
2021-11-17,2,30.968776458319923,35.438188286549135,1
2020-10-09,67,62.824810516207336,25.52662824507982,1
2022-07-23,87,37.216149761379,36.96521182144252,1
2020-12-17,12,20.969661971511464,20.396199169713313,1
2019-09-26,20,39.29611660796332,23.80768833976842,0
2019-05-28,5,98.0699003928043,46.69943372527961,0
2022-11-10,37,84.12296895063916,21.620180226856817,0
2020-03-12,38,96.76613154568267,28.799530726317464,0
2021-01-24,94,59.028323514109,45.605645495840584,0
2022-07-20,9,28.778895894200282,38.3088540107011,1
2021-02-15,98,63.83675911789544,12.48812904658811,1
2019-07-14,53,56.350186764796874,15.892121771158813,1
2022-06-13,44,87.54856661916928,10.313663630876672,1
2019-05-03,99,27.846606462739565,35.236871609166535,1
2021-06-14,86,59.059290961742256,27.906937016416734,1
2020-06-15,24,32.00389317551874,15.370994036091021,0
2021-07-19,81,45.974074151204796,48.31736484227082,1
2021-04-27,74,78.98856619102398,31.186388957824796,1
2019-12-05,30,58.081450349501324,19.675731764515568,1
2022-01-10,59,50.07106281166155,30.0241428461883,1
2019-08-04,87,51.55810228560283,37.18481330940431,0
2020-02-29,96,56.75574147247893,13.049568718942579,0
2020-05-10,81,82.80132350696455,20.98815260191568,1
2018-09-04,81,91.36677511521876,42.278619635359746,0
2021-01-04,14,96.42677492031426,28.38659481610645,0
2018-06-03,9,82.9522709004236,31.863085681291796,1
2022-08-07,40,45.23255165984102,27.31264008837877,1
2021-12-29,66,75.05077648692337,11.755997705720205,1
2020-09-23,25,55.008249924431354,16.629991192806237,1
2021-01-14,73,40.37364976368409,27.821665549675636,1
2019-11-28,22,87.26972635407381,18.367418616317114,0
2021-08-01,4,23.074107916986,11.999161146387149,1
2021-05-28,26,92.14095937083388,43.74598656207295,1
2020-12-28,58,56.91819716997873,49.24770116656463,1
2020-12-06,29,70.97611814466244,41.72571495986958,0
2020-10-05,98,72.74831377646262,44.15139686818668,1
2018-04-04,87,91.60941925652291,19.679085212681816,1
2022-11-09,37,70.93357457337659,48.42507902052799,1
2020-08-15,75,69.11468678080494,17.877028178137135,0
2020-10-08,70,25.332163244855195,48.05719241447329,1
2019-03-29,18,61.47264175561632,49.79277175863804,1
2021-05-12,85,32.01352006536333,38.46891222984195,1
2020-06-30,42,78.99470149771885,49.24574927167288,0
2018-08-06,100,60.97775366501396,32.781591182684146,1
2019-04-19,41,74.41822233666826,20.381671327043613,1
2019-03-08,38,23.333832048190743,27.479835426624835,1
2018-12-07,34,26.783361283664256,33.74243741515144,0
2019-07-05,17,77.30587104501458,12.923262481080599,1
2022-06-24,37,25.76674687989387,34.89373058468985,1
2021-08-05,25,25.70053822122069,49.24711347049178,1
2021-07-01,76,20.968678018790996,17.604305991349104,0
2022-10-24,87,96.5201118639584,41.703804651535336,0
2018-12-23,86,79.00066875672056,46.31595175118478,1
2018-01-23,85,48.260112680165136,47.74806371280883,0
2022-11-21,27,43.72284650301242,48.40542417621789,0
2019-06-06,57,47.97625837966797,30.858385548858877,0
2022-11-17,31,81.97228249449455,49.09231631966015,1
2021-01-28,6,72.90964888563315,40.292408285377554,1
2020-03-12,91,34.815645429397435,16.466857449478475,0
2021-04-18,40,33.92874682672675,29.0760042587188,0
2021-05-31,98,27.871651977071785,38.73324701488016,0
2020-02-01,12,72.82421757610706,19.893612632763332,1
2022-08-10,53,81.14981297773888,35.624607341955496,1
2019-03-18,71,41.20371426600032,36.66401916186477,0
2022-06-20,10,21.675596882473023,16.507989752342635,0
2020-02-08,45,26.573733398114186,32.60341249811025,0
2020-10-12,17,97.42880278760244,40.8650764391443,0
2021-09-10,26,43.63558219819362,29.955826581437677,1
2019-05-31,85,81.53785182705069,10.484124671044297,0
2020-11-05,92,69.9730855083411,10.361538763171687,1
2020-03-02,62,50.555171172231674,24.281173758800488,0
2018-12-02,46,36.45498097564441,47.04776273727128,0
2022-11-18,64,29.710913452752514,19.14707118414435,0
2018-09-15,2,69.20103744310933,35.37454755486749,0
2019-05-12,54,81.97070245102304,18.88303482773282,0
2020-06-14,65,71.51234028329046,22.866799586381944,1
2018-06-09,51,62.42417065993266,43.92168358405936,0
2022-02-07,53,23.356097874530903,39.15445769079788,0
2020-05-01,36,97.47910220755071,13.815971092528425,0
2022-08-15,26,83.89713533236596,27.148080839457343,1
2019-11-21,29,43.42576293607718,11.166790545810578,1
2022-08-26,21,98.39762634870806,29.23560586412036,1
2019-01-15,11,68.15052717090578,36.49736046804272,1
2022-04-18,40,66.59381265657971,14.740104943926063,0
2020-08-14,11,79.84585435436257,21.55539755636663,0
2019-11-22,36,84.941583047211,25.913465020086278,0
2021-12-21,59,72.51828858652021,46.78124098624199,1
2022-06-25,39,30.247659709296002,49.73020061691856,0
2021-07-15,99,47.06140047955987,11.796451959824633,0
2022-05-20,54,94.24669122608398,40.44031693981568,1
2021-12-11,98,37.969248947508156,24.86896265609373,1
2021-04-06,55,49.77336190700107,25.698327449179203,1
2020-12-02,24,54.56615063553568,40.17059893388091,0
2022-04-29,22,55.15239917555618,46.73705728581635,0
2018-10-12,69,69.03516659956205,48.037143780101935,1
2019-02-01,56,95.4460670195766,33.08490344153283,0
2018-01-12,33,39.2554169466004,24.284846372020112,1
2022-06-19,36,29.720110104073445,41.50196343435117,1
2021-08-18,20,35.79763918879499,20.04005533049201,0
2021-06-30,83,90.95399201674157,32.56296115334071,1
2019-05-14,99,71.66486501241648,24.343138460994926,1
2020-01-24,81,42.87254313913281,36.26524294831505,1
2018-02-04,62,85.27575511748938,19.615956515740276,0
2019-12-28,98,88.90959970907488,17.66371782939303,1
2020-04-28,73,87.72114709522225,46.729563467017485,1
2018-03-31,26,93.51412269116436,14.072147317981475,1
2020-02-15,66,40.17928161386892,30.238316309397266,1
2019-08-28,73,80.40335429970227,18.834111318520357,1
2020-08-27,73,56.8431597819312,11.557198533026698,1
2022-06-14,40,87.35988423120492,11.440752731657057,1
2020-10-18,17,78.27925417292906,17.008870884233094,0
2019-02-22,1,82.11579571997797,44.67081418024001,0
2018-04-25,89,72.49294701448572,21.299149759081068,1
2019-09-09,61,34.19430155757655,48.01836682301183,0
2021-05-04,43,63.60215351175506,33.26489171956774,0
2020-04-05,42,98.77357916196065,27.464567590750644,1
2022-03-05,25,94.99104531976951,33.20355338677818,0
2022-07-08,39,23.453898863760934,30.66793540905071,1
2022-02-25,35,33.18518525835497,40.351050150293005,1
2021-01-03,3,30.538301876364955,21.29984263891409,1
2019-02-17,44,78.07839279882364,24.122015664012096,1
2021-10-31,51,85.4228263885556,45.76377210133003,1
2021-12-14,94,37.080909304853755,47.85826052601622,0
2019-12-30,98,60.46821543614632,45.70232909945898,1
2021-07-24,12,87.256242240896,26.777919758292544,0
2020-10-17,19,78.62412358130004,41.21462012027527,1
2020-01-31,44,63.378976439347866,29.05342933204395,1
2019-11-07,59,67.22781523670183,29.90159408584409,1
2021-11-18,49,60.6688437533024,18.187204362291357,0
2019-04-02,61,43.803876105505644,33.64521213034066,1
2020-07-08,17,65.20175942872129,17.445435910133916,1
2018-07-11,74,75.11082416400725,23.26258796268775,1
2020-01-09,57,89.86583326886462,44.201208064797406,1
2022-09-09,55,70.90330831833984,18.28303236843421,0
2021-01-27,47,80.88972296345264,12.846331406937313,1
2022-04-21,12,32.805730796365836,12.760303704512651,0
2020-09-04,62,56.92459795358319,47.63138082012431,1
2020-10-05,80,20.746529586167462,30.276817518473386,0
2018-04-06,88,39.73430916172984,26.376482872680732,0
2022-08-15,83,78.11693720904039,42.435143240316734,1
2019-10-25,8,99.34479610794908,43.43303711642064,1
2021-04-28,95,27.934247966977274,23.287641324624182,0
2022-10-26,21,52.11954526890306,37.744722298951814,1
2018-02-06,81,84.00567749593276,40.84491263407546,1
2022-12-09,87,36.32285077031191,36.18602747463818,1
2021-10-24,80,64.4067959441829,16.063802992003975,0
2022-09-15,70,78.64570368237398,45.03532334068228,1
2022-03-29,72,69.27883602081432,31.563782109440346,1
2018-10-06,25,35.04197876923329,21.298897054800147,1
2018-08-05,82,48.43076549485915,27.009127417507756,0
2020-05-16,89,82.70334275883178,11.502843615956294,1
2020-05-22,12,64.33812113056133,15.114672048896702,0
2022-12-27,15,20.41836908343302,40.62187002063443,1
2021-07-20,59,80.8792608022475,10.000465390214647,0
2018-03-03,26,22.824908395219126,26.662633139291685,1
2019-08-19,26,79.65870261849858,30.900407243423537,1
2019-12-30,47,36.19844481321899,12.185376800038892,0
2021-09-27,32,96.64587840955042,48.92312651889331,0
2019-02-01,10,49.43526010416676,19.045013249986877,0
2019-11-30,16,46.15452930704633,22.167948785451234,1
2020-11-08,71,31.911044026595576,22.157700490201094,1
2018-06-26,17,44.44833723921719,19.216666484693995,1
2022-06-24,23,90.13206094625605,10.058952883452456,1
2019-01-31,26,99.70674701017978,39.17379176351986,0
2019-03-21,85,49.464762440547865,48.67381999197141,1
2021-06-10,86,55.8888504763634,18.971739331401803,1
2018-03-17,7,77.76567505621897,36.5218876721369,1
2018-09-22,14,90.89566243720596,39.6758530783486,1
2019-03-31,79,67.44354673494273,43.93701516362099,1
2022-12-25,7,51.32205585422635,26.905167880544365,1
2019-12-19,9,53.0097472678899,22.11723622561717,1
2020-01-05,48,75.64945171974455,23.011805360921244,0
2021-11-08,72,20.257461088342296,38.50485332394051,1
2022-05-07,59,69.56714699678726,42.67117866022544,1
2020-04-30,87,48.43944083530859,17.264558710264104,1
2022-03-10,93,83.53578650216674,24.83764032631061,1
2021-10-22,82,27.439251185850573,46.077607869966,0
2018-05-24,95,67.05618135587125,42.26774078778957,0
2020-06-03,94,58.4778311908899,49.39433611049903,0
2020-12-28,39,71.38604207241819,40.16993038728323,0
2021-01-27,99,25.18828755863747,25.72780804111689,0
2019-01-31,18,66.3987029942505,33.625513359785515,0
2020-11-14,59,64.91876703676189,36.44057016989281,1
2020-08-05,17,64.85280755329367,13.138232652684959,0
2020-06-09,14,68.27901332771638,31.779878364154605,0
2022-02-01,31,74.11743497810897,38.37283313890438,1
2022-02-16,24,84.39911997446158,16.692852160042413,0
2022-05-08,99,41.585657610257144,41.22526869702229,1
2021-03-20,60,86.00395281440497,33.35091122056447,1
2021-03-13,45,59.86045458107629,48.08887142790378,0
2019-07-23,98,26.164662330746495,11.696891928275669,1
2020-11-28,3,24.684074339518336,20.61304550221868,0
2018-04-19,37,46.73906549568486,34.06215517199296,0
2022-09-13,43,82.7917581689174,21.862396488237227,1
2020-12-01,40,76.61447477927325,38.57696656284969,1
2021-04-24,90,83.08919717379251,40.36021130087724,0
2020-07-23,55,61.38152451532875,14.100638562658979,1
2019-02-02,87,55.21591983643924,30.554178568270707,1
2021-05-31,39,31.796202136502714,30.355622223642236,0
2019-09-26,15,46.25542028874492,24.77123080862164,0
2021-03-02,4,54.72154929391002,47.31699450278688,1
2021-04-01,93,27.08803437436938,43.10025279492885,0
2021-05-23,86,37.6489562168969,37.888375276385474,0
2020-01-03,25,67.8580235250991,38.573065429399904,0
2018-08-23,13,78.85304913913518,28.468645752524765,0
2019-10-20,82,99.86780091143598,46.83978084386303,0
2020-01-21,33,94.64906650748462,37.783817090131414,0
2019-08-11,16,71.40521596281532,39.159242466232655,0
2020-10-29,42,53.69984426352576,44.46763615149381,1
2021-01-02,66,70.89418917665861,20.962863573687642,0
2020-08-11,55,82.85212944641856,42.28283615466812,1
2019-05-07,99,29.466895273870986,17.80962411825968,1
2020-07-01,42,52.79239117570306,23.813678089795513,1
2021-06-30,34,87.18418285084938,23.424418170793707,0
2021-06-07,30,50.70663615464352,49.14101873556562,0
2022-03-23,13,65.74978169817493,44.26148894991707,1
2021-04-12,13,67.02154886897586,38.04679446361039,0
2022-08-04,18,34.75810025069115,39.082270464615604,1
2021-04-06,32,48.97883533218307,32.48291177610284,0
2018-06-19,96,46.76090309935457,47.88362668434076,0
2021-11-17,99,22.09573668256518,29.85035011529446,1
2020-08-03,39,21.935341111308418,25.220708394795782,1
2020-03-05,46,86.53576349406188,16.52141347726364,1
2019-09-26,29,41.845664797824995,41.44822609044232,0
2021-05-02,62,61.44630129910524,39.377757283023655,1
2022-03-21,93,43.898045887101844,25.374201540965394,0
2018-01-29,62,95.25433960922724,11.007736558369174,0
2021-04-03,57,40.7437407092619,43.55989310872043,0
2021-12-16,16,54.37254501911481,10.456719338162944,1
2018-12-05,56,89.81842003876815,38.14799118516204,1
2022-07-30,10,87.3546853433447,48.81028438904228,1
2022-02-28,30,34.88811342770219,27.50645312592814,0
2021-10-20,25,84.21146478365684,19.39893619983811,0
2021-09-27,84,56.65495093903141,38.19484040173527,1
2019-05-15,5,58.637509766828416,42.68512568062341,0
2022-08-08,65,30.6783977932755,31.857212643113893,0
2019-05-26,94,26.44812110056997,48.681411010245846,1
2021-09-12,49,78.23514455790121,12.066748866318445,1
2018-08-05,3,59.716892188423984,30.191823932181126,1
2021-08-17,45,54.948056209214364,38.738157892902,0
2021-03-01,14,78.36065829219174,44.505618845967156,0
2020-12-29,30,81.24103191928879,17.170224476311603,0
2021-06-29,68,32.71265341354828,42.00013927054726,0
2021-12-09,18,68.8180119582113,32.10828302874181,0
2022-12-16,62,30.828326582214842,25.862147279598528,1
2019-03-21,37,80.11000688232366,15.268601143163743,0
2020-05-25,25,72.55641250137117,44.6118303563565,0
2021-04-20,48,96.52916968667664,16.290928327188613,0
2018-06-16,65,25.516641308513694,22.39151436836397,1
2018-04-01,53,24.564377692100344,21.601821278497475,1
2019-12-15,79,42.57496597545601,44.85656136763417,1
2022-04-04,73,40.93645469887248,36.90811976835592,0
2018-02-08,15,39.75830392575999,41.86725588765489,1
2021-02-23,49,92.50036644168293,20.01871595169996,1
2022-01-14,88,39.96369598796049,34.994963984279956,1
2018-06-22,68,41.75597809029048,32.86983932574995,0
2019-10-15,12,80.7518609934371,43.31321507153084,1
2020-01-24,59,55.9791873960432,46.24348241925042,0
2021-05-28,37,82.1368445564145,10.486270859095473,0
2022-07-20,61,25.229292605150818,36.960796762351706,1
2020-12-17,43,59.005695493870746,12.073431964789162,0
2022-08-11,70,22.68908801466261,31.954346603094237,1
2019-04-21,39,25.01225627642836,21.505309161747128,0
2019-04-01,56,92.51499626755287,22.27106398088565,1
2020-04-08,63,31.139629689407613,24.11834013809426,1
2020-06-13,46,62.593654582017365,34.85169796198441,1
2021-10-16,88,52.887648208056525,23.36199862675077,0
2020-10-21,11,47.78746610070741,39.30796202361122,1
2019-01-22,62,91.9866676549818,26.181095422954787,0
2018-12-14,77,21.74587174203916,12.734128012398344,1
2018-07-09,98,73.10317489404713,41.35039369936429,0
2019-05-20,25,97.07155473708403,21.43033298370824,0
2021-04-29,71,64.81345467694736,27.310675183970506,1
2022-03-12,52,94.94579696264735,37.41775532887606,1
2021-10-24,4,24.1806303428819,23.29824628594848,1
2021-12-03,59,53.50346552593291,12.263426245868626,1
2020-04-03,72,40.81262327696409,24.956841880512542,1
2020-07-17,20,78.46567719845838,47.777943307772134,0
2020-07-22,93,98.50376723977973,35.66937589194232,1
2021-02-14,63,40.52240499553982,36.85916594668828,1
2018-05-14,54,72.33396811792596,35.291286145505595,0
2018-02-27,74,35.847810620779214,17.959685558377473,1
2022-04-29,98,65.22642036572879,26.733354564091204,1
2019-11-16,57,57.114598935066894,40.03759193453273,0
2019-11-03,90,97.76042637052296,14.054915902126366,1
2018-06-22,41,68.68218181571733,21.11411104358849,1
2020-03-25,3,47.960509766945506,21.052764338634145,1
2021-03-18,6,29.12766279103467,27.28075710378024,0
2018-03-21,5,32.09974629879476,49.214749637687405,1
2020-06-04,5,38.025354396098805,12.700101867352878,0
2021-05-21,54,40.07733290722384,30.748039775223802,1
2018-07-22,47,88.04928462729103,17.174587280488417,0
2020-02-03,87,64.89782306260199,48.827061816389765,1
2021-06-06,49,61.87127290994931,14.532140189098568,0
2022-08-27,9,29.181509749537398,26.144040094463648,0
2021-06-04,99,88.8111754679548,39.51539939338424,0
2022-08-10,20,77.8251442566787,38.18217712109781,0
2022-04-05,61,25.413468952000127,26.909145475757292,0
2022-01-04,35,76.62680777838149,23.860966718108727,0
2021-11-26,50,63.483057387411684,25.904495142114822,1
2018-02-16,82,26.538027659742262,20.571050526345573,1
2021-06-10,62,56.664051322292515,18.21331754827199,0
2021-08-21,17,58.775702970403756,29.3215879023556,0
2022-03-30,88,33.26196321306206,20.741350242704293,0
2021-03-12,3,95.65585176002259,21.498466595890005,0
2021-12-09,32,87.99802971845295,36.27024253898228,1
2022-03-17,99,73.52178698632866,48.741493267995686,0
2021-10-28,13,56.98364488004857,34.145488022375005,1
2022-05-09,89,52.941243326760684,13.079178682598652,1
2021-07-06,73,72.07787737207633,13.02334455416268,0
2019-10-18,68,63.634549552552436,48.05692883382264,0
2019-04-16,14,24.98184847055085,21.891631612293345,1
2020-08-28,98,61.000211901626535,13.682679443299017,1
2020-11-01,11,84.51228937862716,33.961783486015264,0
2021-09-15,56,56.73919020775664,34.94595113161064,0
2020-01-06,67,24.156526204341475,35.940192804747525,0
2020-02-23,92,82.90225595072265,20.696081114301652,1
2020-08-25,29,36.10910257087795,10.604427368579001,1
2018-12-24,9,40.6896667910431,48.60061477817887,0
2020-08-29,67,33.17650827458367,20.0357218276441,1
2021-12-02,25,46.4172051897198,37.041051522101895,1
2019-10-30,98,80.5401204550908,38.26519479514838,0
2019-01-08,76,61.550868760314984,34.40029668317943,0
2020-10-28,42,36.390501932057006,22.51629576854593,1
2021-02-19,9,90.22640625216327,20.84385015056263,1
2021-10-03,79,90.36654839612234,33.90673130810812,0
2019-11-07,40,89.64627400368056,44.64382534446766,0
2018-03-31,25,39.10369691052314,47.869349156935826,0
2022-07-30,5,56.099147534479044,14.236232176150306,0
2019-11-29,11,98.79917249127001,16.193144503908794,0
2021-09-01,59,81.76099810479923,47.78945035132318,1
2021-04-16,98,22.173393698044784,39.461409133391705,1
2019-06-24,88,25.216367300839366,45.319752993190924,1
2020-01-02,79,57.114510144986625,18.105305365413727,1
2020-05-18,38,92.73761646892481,33.50343484437607,0
2018-02-10,72,63.09614383621714,38.04558377669895,0
2020-01-10,5,59.82500064274322,37.20447541787891,0
2022-09-24,48,28.437895996530447,26.326067634667925,1
2019-05-17,90,72.54240837794353,10.615795667652339,1
2020-08-16,18,85.76825284801804,33.317042272170525,1
2021-03-14,70,50.43360060060499,20.12406156718435,0
2021-05-09,37,82.0489480740262,28.010169845715613,1
2020-07-17,60,97.15813231206494,48.30324060335269,0
2022-10-14,48,36.30131673021513,25.961412705697388,0
2019-04-06,77,61.866370495579304,43.59206426657707,0
2020-01-02,28,42.971036646766045,17.541624229970047,0
2020-01-22,69,83.42835352270714,36.89841992100115,0
2020-07-13,77,66.2074692704926,49.08027817755774,0
2020-06-27,81,70.76659340402429,14.07572403491747,1
2022-05-01,40,83.83313276927153,10.33279768908768,0
2022-04-20,45,51.677637812996394,27.343311705304572,0
2021-06-30,96,93.20720547256346,13.705019322054689,1
2019-01-25,62,62.6423093796912,39.93537398704925,0
2022-06-06,93,32.63638582682784,46.58194655394236,1
2020-06-01,58,75.67192945350419,27.360838908350352,1
2018-09-13,67,83.46090803506036,20.348465686217637,1
2019-12-10,56,45.34093416540213,27.37613276026439,0
2019-03-26,40,88.57434055990024,38.93791271400004,0
2018-01-10,98,92.4914603812613,10.36216646321484,1
2020-04-03,40,42.15235899022471,33.578159579387886,0
2020-03-08,91,98.68171781721776,34.53166739549516,0
2021-06-19,77,31.256922243900675,35.50752987583742,1
2021-06-28,33,36.1612534721992,19.68088319923509,1
2020-05-26,6,34.73798713904209,38.56210893512507,0
2020-10-25,88,91.51917680062964,13.655659453271056,1
2021-02-16,19,72.34340418599695,17.970813458672033,1
2020-10-12,80,32.16834265778183,45.09880186617928,1
2022-12-30,40,55.22587346946792,39.548926029062656,0
2019-01-09,92,69.22384200558416,10.549822160453811,0
2020-12-24,97,26.677126799150663,19.93505041479201,0
2018-05-26,59,90.5933094725871,18.57625931972658,1
2018-08-12,59,84.28828283532282,20.832253121478903,0
2021-06-16,48,60.41654188613106,19.902390811195456,1
2018-06-26,41,97.37012922073363,12.50105182971383,0
2022-12-08,13,53.420878342007974,28.357620663872815,0
2020-05-02,45,98.72882552291982,39.30933899144661,1
2021-07-29,89,73.43359990429016,34.269268988697455,0
2018-03-04,53,70.77370186031531,36.91486674392319,1
2021-05-25,42,33.2763916236628,13.245967141449565,0
2020-04-06,100,90.55422066437151,48.059628407071486,0
2020-03-05,63,54.19917503364921,43.53967335372099,1
2019-11-20,27,32.97867246259835,42.20361273982651,1
2022-01-24,38,21.00860159806072,42.9193522016707,1
2022-06-22,60,64.7804546910706,47.30842032531045,0
2018-04-15,7,62.19196976981411,31.77015864454791,0
2021-01-27,5,77.54828978953269,18.011280714705038,0
2019-05-26,45,91.22064424142417,34.671344314101646,1
2019-01-20,58,26.352526771442363,39.715259746717564,1
2019-02-09,31,78.51971922722899,39.51669573416102,1
2020-04-02,23,34.99295552780658,30.857960966675204,0
2019-06-02,42,88.65416425257311,12.738348773343123,0
2019-04-21,10,85.52508110893248,24.844517537205114,1
2019-12-10,32,63.26350039884355,46.83066433853429,0
2022-07-27,53,76.81942388986492,33.377956390297044,1
2020-02-10,30,45.14800905469987,31.533277730228537,0
2021-12-31,39,57.69343191462517,20.754140575287742,0
2020-11-12,31,85.73095181683773,24.737956796663156,1
2020-09-23,82,56.741215773857114,45.81384356612677,0
2022-05-08,100,48.623861226035345,36.65852190107343,0
2019-11-08,2,59.53699578002399,41.49548107009331,1
2019-12-15,78,86.25994019497747,28.173816922706205,1
2022-01-21,77,46.81664378966982,35.20988877824632,0
2018-03-24,93,33.900927450859506,19.9353443497283,1
2021-03-14,12,76.96112162646246,38.21843321133945,0
2021-01-13,39,86.07825701664655,27.10405334813349,1
2021-01-06,66,28.050998281882666,27.701820592589822,0
2019-04-02,96,39.189929020475574,35.97289298307527,0
2018-01-01,13,31.357759180879512,47.451224858757065,1
2018-02-20,46,47.83531292657333,12.560253864344837,0
2019-11-16,27,56.02807831243301,42.989729493880304,0
2019-12-18,17,79.90610695706451,21.695324416487725,1
2022-12-01,95,72.09180679053392,27.75677818025511,1
2022-01-09,98,69.67428539827449,10.87653315100036,0
2019-03-25,60,48.18999572877235,22.041843113372522,1
2020-05-30,64,87.3158042467808,30.105249705205217,1
2019-05-03,88,57.70297339185316,12.24704309389756,0
2022-12-29,35,98.32839504121236,29.643829175326605,0
2018-02-03,70,70.73137106365894,47.08442515433709,1
2021-10-03,83,30.101179325160217,14.215728724312209,1
2018-04-05,30,74.09420496603472,40.57762912302017,1
2020-12-31,71,46.00832123453592,26.386842135039707,0
2022-04-24,74,74.9061757348878,36.20694858097352,0
2018-06-03,96,25.57129185299246,20.409463919409173,0
2018-09-07,98,33.99051497407675,16.37969050165433,0
2019-11-05,63,88.4589807124629,16.41850457084906,0
2019-03-14,28,38.17436456188119,12.819677825725787,0
2018-04-28,60,86.9632900194352,17.42586819604972,0
2020-02-10,79,42.34208707635283,36.56877539955873,1
2021-08-22,94,71.43055280469662,45.26762447374032,1
2018-09-25,37,75.53204588078648,42.56502742364647,0
2020-12-13,93,61.012380251604235,37.405372394979366,0
2018-08-24,22,44.4248541357385,14.417274536444108,0
2019-01-24,68,37.01155010968769,21.56749785183799,1
2020-09-16,20,22.655148364994098,22.392275012898757,0
2022-10-24,96,44.31571209925791,19.99827785590485,1
2020-02-02,100,72.25302324250265,30.600226388388926,1
2019-02-05,68,95.06438547587861,31.4221525951869,1
2019-09-16,91,89.69635858104417,24.275439006844408,1
2020-02-06,64,81.28518212282421,24.15156634945744,1
2021-08-19,17,83.0757874602639,43.14222391624325,0
2020-07-07,12,73.19879227807962,41.571713932787425,0
